id_punto,marca_tiempo,tViaje_actual_sec,tViaje_ideal_sec,retraso_sec,confianza
P01_CAUPOLICAN_AV_BALMACEDA,2025-11-19T01:56:18.703892,1085,1085,0,1
P02_CAUPOLICAN_MANUEL_MONTT,2025-11-19T01:56:18.775418,1085,1085,0,1
P03_CAUPOLICAN_BLANCO_ENCALADA,2025-11-19T01:56:18.842737,1095,1095,0,1
P04_CAUPOLICAN_ANDRES_BELLO,2025-11-19T01:56:18.910921,1095,1095,0,1
P05_CAUPOLICAN_SAN_MARTIN,2025-11-19T01:56:18.975164,1095,1095,0,1
P06_CAUPOLICAN_OHIGGINS,2025-11-19T01:56:19.040003,1095,1095,0,1
P07_CAUPOLICAN_LAS_AGUILAS,2025-11-19T01:56:19.109613,1095,1095,0,1
P08_LEON_GALLO_CAUPOLICAN,2025-11-19T01:56:19.179445,1095,1095,0,1
P09_OHIGGINS_CAUPOLICAN,2025-11-19T01:56:19.242586,927,927,0,1
P10_CAUPOLICAN_LAUTARO,2025-11-19T01:56:19.313018,1085,1085,0,1
P11_SAN_MARTIN_CAUPOLICAN,2025-11-19T01:56:19.379878,1095,1095,0,1
P12_CLARO_SOLAR_CAUPOLICAN,2025-11-19T01:56:19.447727,595,595,0,1
P13_CAUPOLICAN_MIRAFLORES,2025-11-19T01:56:19.522381,1095,1095,0,1
P14_CAUPOLICAN_BILBAO,2025-11-19T01:56:19.588962,153,153,0,1
P15_CAUPOLICAN_RODRIGUEZ,2025-11-19T01:56:19.655613,1085,1085,0,1
P01_CAUPOLICAN_AV_BALMACEDA,2025-11-19T02:45:58.978991,1085,1085,0,1
P02_CAUPOLICAN_MANUEL_MONTT,2025-11-19T02:45:59.174484,1085,1085,0,1
P03_CAUPOLICAN_BLANCO_ENCALADA,2025-11-19T02:45:59.340484,1095,1095,0,1
P04_CAUPOLICAN_ANDRES_BELLO,2025-11-19T02:45:59.505314,1095,1095,0,1
P05_CAUPOLICAN_SAN_MARTIN,2025-11-19T02:45:59.681851,1095,1095,0,1
P06_CAUPOLICAN_OHIGGINS,2025-11-19T02:45:59.842908,1095,1095,0,1
P07_CAUPOLICAN_LAS_AGUILAS,2025-11-19T02:46:00.002627,1095,1095,0,1
P08_LEON_GALLO_CAUPOLICAN,2025-11-19T02:46:00.173555,1095,1095,0,1
P09_OHIGGINS_CAUPOLICAN,2025-11-19T02:46:00.342639,927,927,0,1
P10_CAUPOLICAN_LAUTARO,2025-11-19T02:46:00.503805,1085,1085,0,1
P11_SAN_MARTIN_CAUPOLICAN,2025-11-19T02:46:00.675321,1095,1095,0,1
P12_CLARO_SOLAR_CAUPOLICAN,2025-11-19T02:46:00.841160,595,595,0,1
P13_CAUPOLICAN_MIRAFLORES,2025-11-19T02:46:01.003644,1095,1095,0,1
P14_CAUPOLICAN_BILBAO,2025-11-19T02:46:01.167502,153,153,0,1
P15_CAUPOLICAN_RODRIGUEZ,2025-11-19T02:46:01.328342,1085,1085,0,1
P01_CAUPOLICAN_AV_BALMACEDA,2025-11-19T03:52:12.728514,1085,1085,0,1
P02_CAUPOLICAN_MANUEL_MONTT,2025-11-19T03:52:12.782288,1085,1085,0,1
P03_CAUPOLICAN_BLANCO_ENCALADA,2025-11-19T03:52:12.841243,1095,1095,0,1
P04_CAUPOLICAN_ANDRES_BELLO,2025-11-19T03:52:12.896971,1095,1095,0,1
P05_CAUPOLICAN_SAN_MARTIN,2025-11-19T03:52:12.952521,1095,1095,0,1
P06_CAUPOLICAN_OHIGGINS,2025-11-19T03:52:13.005362,1095,1095,0,1
P07_CAUPOLICAN_LAS_AGUILAS,2025-11-19T03:52:13.056491,1095,1095,0,1
P08_LEON_GALLO_CAUPOLICAN,2025-11-19T03:52:13.111666,1095,1095,0,1
P09_OHIGGINS_CAUPOLICAN,2025-11-19T03:52:13.184650,927,927,0,1
P10_CAUPOLICAN_LAUTARO,2025-11-19T03:52:13.240058,1085,1085,0,1
P11_SAN_MARTIN_CAUPOLICAN,2025-11-19T03:52:13.304107,1095,1095,0,1
P12_CLARO_SOLAR_CAUPOLICAN,2025-11-19T03:52:13.356097,595,595,0,1
P13_CAUPOLICAN_MIRAFLORES,2025-11-19T03:52:13.420904,1095,1095,0,1
P14_CAUPOLICAN_BILBAO,2025-11-19T03:52:13.473663,153,153,0,1
P15_CAUPOLICAN_RODRIGUEZ,2025-11-19T03:52:13.539152,1085,1085,0,1
P01_CAUPOLICAN_AV_BALMACEDA,2025-11-19T04:43:36.390727,1085,1085,0,1
P02_CAUPOLICAN_MANUEL_MONTT,2025-11-19T04:43:36.470920,1085,1085,0,1
P03_CAUPOLICAN_BLANCO_ENCALADA,2025-11-19T04:43:36.548975,1095,1095,0,1
P04_CAUPOLICAN_ANDRES_BELLO,2025-11-19T04:43:36.610103,1095,1095,0,1
P05_CAUPOLICAN_SAN_MARTIN,2025-11-19T04:43:36.667832,1095,1095,0,1
P06_CAUPOLICAN_OHIGGINS,2025-11-19T04:43:36.725044,1095,1095,0,1
P07_CAUPOLICAN_LAS_AGUILAS,2025-11-19T04:43:36.778143,1095,1095,0,1
P08_LEON_GALLO_CAUPOLICAN,2025-11-19T04:43:36.844622,1095,1095,0,1
P09_OHIGGINS_CAUPOLICAN,2025-11-19T04:43:36.900227,927,927,0,1
P10_CAUPOLICAN_LAUTARO,2025-11-19T04:43:36.963779,1085,1085,0,1
P11_SAN_MARTIN_CAUPOLICAN,2025-11-19T04:43:37.026076,1095,1095,0,1
P12_CLARO_SOLAR_CAUPOLICAN,2025-11-19T04:43:37.083723,595,595,0,1
P13_CAUPOLICAN_MIRAFLORES,2025-11-19T04:43:37.146165,1095,1095,0,1
P14_CAUPOLICAN_BILBAO,2025-11-19T04:43:37.205227,153,153,0,1
P15_CAUPOLICAN_RODRIGUEZ,2025-11-19T04:43:37.274469,1085,1085,0,1
P01_CAUPOLICAN_AV_BALMACEDA,2025-11-19T05:40:18.325600,1085,1085,0,1
P02_CAUPOLICAN_MANUEL_MONTT,2025-11-19T05:40:18.397253,1085,1085,0,1
P03_CAUPOLICAN_BLANCO_ENCALADA,2025-11-19T05:40:18.473729,1095,1095,0,1
P04_CAUPOLICAN_ANDRES_BELLO,2025-11-19T05:40:18.549828,1095,1095,0,1
P05_CAUPOLICAN_SAN_MARTIN,2025-11-19T05:40:18.617333,1095,1095,0,1
P06_CAUPOLICAN_OHIGGINS,2025-11-19T05:40:18.687124,1095,1095,0,1
P07_CAUPOLICAN_LAS_AGUILAS,2025-11-19T05:40:18.754484,1095,1095,0,1
P08_LEON_GALLO_CAUPOLICAN,2025-11-19T05:40:18.822081,1095,1095,0,1
P09_OHIGGINS_CAUPOLICAN,2025-11-19T05:40:18.888130,927,927,0,1
P10_CAUPOLICAN_LAUTARO,2025-11-19T05:40:19.030468,1085,1085,0,1
P11_SAN_MARTIN_CAUPOLICAN,2025-11-19T05:40:19.099101,1095,1095,0,1
P12_CLARO_SOLAR_CAUPOLICAN,2025-11-19T05:40:19.166050,595,595,0,1
P13_CAUPOLICAN_MIRAFLORES,2025-11-19T05:40:19.230173,1095,1095,0,1
P14_CAUPOLICAN_BILBAO,2025-11-19T05:40:19.295592,153,153,0,1
P15_CAUPOLICAN_RODRIGUEZ,2025-11-19T05:40:19.359956,1085,1085,0,1
P01_CAUPOLICAN_AV_BALMACEDA,2025-11-19T05:49:11.577877,1085,1085,0,1
P02_CAUPOLICAN_MANUEL_MONTT,2025-11-19T05:49:11.696490,1085,1085,0,1
P03_CAUPOLICAN_BLANCO_ENCALADA,2025-11-19T05:49:11.813217,1095,1095,0,1
P04_CAUPOLICAN_ANDRES_BELLO,2025-11-19T05:49:11.932662,1095,1095,0,1
P05_CAUPOLICAN_SAN_MARTIN,2025-11-19T05:49:12.067095,1095,1095,0,1
P06_CAUPOLICAN_OHIGGINS,2025-11-19T05:49:12.178271,1095,1095,0,1
P07_CAUPOLICAN_LAS_AGUILAS,2025-11-19T05:49:12.294232,1095,1095,0,1
P08_LEON_GALLO_CAUPOLICAN,2025-11-19T05:49:12.410772,1095,1095,0,1
P09_OHIGGINS_CAUPOLICAN,2025-11-19T05:49:12.522742,927,927,0,1
P10_CAUPOLICAN_LAUTARO,2025-11-19T05:49:12.639017,1085,1085,0,1
P11_SAN_MARTIN_CAUPOLICAN,2025-11-19T05:49:12.755205,1095,1095,0,1
P12_CLARO_SOLAR_CAUPOLICAN,2025-11-19T05:49:12.880864,595,595,0,1
P13_CAUPOLICAN_MIRAFLORES,2025-11-19T05:49:12.997751,1095,1095,0,1
P14_CAUPOLICAN_BILBAO,2025-11-19T05:49:13.110992,153,153,0,1
P15_CAUPOLICAN_RODRIGUEZ,2025-11-19T05:49:13.227685,1085,1085,0,1
P01_CAUPOLICAN_AV_BALMACEDA,2025-11-19T06:53:54.408775,1085,1085,0,1
P02_CAUPOLICAN_MANUEL_MONTT,2025-11-19T06:53:54.482579,1085,1085,0,1
P03_CAUPOLICAN_BLANCO_ENCALADA,2025-11-19T06:53:54.557095,1095,1095,0,1
P04_CAUPOLICAN_ANDRES_BELLO,2025-11-19T06:53:54.627019,1095,1095,0,1
P05_CAUPOLICAN_SAN_MARTIN,2025-11-19T06:53:54.695982,1095,1095,0,1
P06_CAUPOLICAN_OHIGGINS,2025-11-19T06:53:54.762057,1095,1095,0,1
P07_CAUPOLICAN_LAS_AGUILAS,2025-11-19T06:53:54.830374,1095,1095,0,1
P08_LEON_GALLO_CAUPOLICAN,2025-11-19T06:53:54.893021,1095,1095,0,1
P09_OHIGGINS_CAUPOLICAN,2025-11-19T06:53:54.958817,927,927,0,1
P10_CAUPOLICAN_LAUTARO,2025-11-19T06:53:55.027870,1085,1085,0,1
P11_SAN_MARTIN_CAUPOLICAN,2025-11-19T06:53:55.094932,1095,1095,0,1
P12_CLARO_SOLAR_CAUPOLICAN,2025-11-19T06:53:55.156307,595,595,0,1
P13_CAUPOLICAN_MIRAFLORES,2025-11-19T06:53:55.219004,1095,1095,0,1
P14_CAUPOLICAN_BILBAO,2025-11-19T06:53:55.281841,153,153,0,1
P15_CAUPOLICAN_RODRIGUEZ,2025-11-19T06:53:55.348522,1085,1085,0,1
P01_CAUPOLICAN_AV_BALMACEDA,2025-11-19T07:33:18.312870,1085,1085,0,1
P02_CAUPOLICAN_MANUEL_MONTT,2025-11-19T07:33:18.438536,1085,1085,0,1
P03_CAUPOLICAN_BLANCO_ENCALADA,2025-11-19T07:33:18.580784,1095,1095,0,1
P04_CAUPOLICAN_ANDRES_BELLO,2025-11-19T07:33:18.701612,1095,1095,0,1
P05_CAUPOLICAN_SAN_MARTIN,2025-11-19T07:33:18.833920,1095,1095,0,1
P06_CAUPOLICAN_OHIGGINS,2025-11-19T07:33:18.971443,1095,1095,0,1
P07_CAUPOLICAN_LAS_AGUILAS,2025-11-19T07:33:19.100957,1095,1095,0,1
P08_LEON_GALLO_CAUPOLICAN,2025-11-19T07:33:19.224089,1095,1095,0,1
P09_OHIGGINS_CAUPOLICAN,2025-11-19T07:33:19.368459,927,927,0,1
P10_CAUPOLICAN_LAUTARO,2025-11-19T07:33:19.496368,1085,1085,0,1
P11_SAN_MARTIN_CAUPOLICAN,2025-11-19T07:33:19.671461,1095,1095,0,1
P12_CLARO_SOLAR_CAUPOLICAN,2025-11-19T07:33:19.800494,595,595,0,1
P13_CAUPOLICAN_MIRAFLORES,2025-11-19T07:33:19.950796,1095,1095,0,1
P14_CAUPOLICAN_BILBAO,2025-11-19T07:33:20.092826,153,153,0,1
P15_CAUPOLICAN_RODRIGUEZ,2025-11-19T07:33:20.221273,1085,1085,0,1
P01_CAUPOLICAN_AV_BALMACEDA,2025-11-19T07:46:09.372848,1085,1085,0,1
P02_CAUPOLICAN_MANUEL_MONTT,2025-11-19T07:46:09.443491,1085,1085,0,1
P03_CAUPOLICAN_BLANCO_ENCALADA,2025-11-19T07:46:09.513518,1095,1095,0,1
P04_CAUPOLICAN_ANDRES_BELLO,2025-11-19T07:46:09.581093,1095,1095,0,1
P05_CAUPOLICAN_SAN_MARTIN,2025-11-19T07:46:09.654557,1095,1095,0,1
P06_CAUPOLICAN_OHIGGINS,2025-11-19T07:46:09.725752,1095,1095,0,1
P07_CAUPOLICAN_LAS_AGUILAS,2025-11-19T07:46:09.805160,1095,1095,0,1
P08_LEON_GALLO_CAUPOLICAN,2025-11-19T07:46:09.873963,1095,1095,0,1
P09_OHIGGINS_CAUPOLICAN,2025-11-19T07:46:09.936048,927,927,0,1
P10_CAUPOLICAN_LAUTARO,2025-11-19T07:46:10.006610,1085,1085,0,1
P11_SAN_MARTIN_CAUPOLICAN,2025-11-19T07:46:10.074623,1095,1095,0,1
P12_CLARO_SOLAR_CAUPOLICAN,2025-11-19T07:46:10.139618,595,595,0,1
P13_CAUPOLICAN_MIRAFLORES,2025-11-19T07:46:10.206649,1095,1095,0,1
P14_CAUPOLICAN_BILBAO,2025-11-19T07:46:10.273457,153,153,0,1
P15_CAUPOLICAN_RODRIGUEZ,2025-11-19T07:46:10.342602,1085,1085,0,1
P01_CAUPOLICAN_AV_BALMACEDA,2025-11-19T08:51:22.228448,1085,1085,0,1
P02_CAUPOLICAN_MANUEL_MONTT,2025-11-19T08:51:22.303989,1085,1085,0,1
P03_CAUPOLICAN_BLANCO_ENCALADA,2025-11-19T08:51:22.377786,1095,1095,0,1
P04_CAUPOLICAN_ANDRES_BELLO,2025-11-19T08:51:22.448498,1095,1095,0,1
P05_CAUPOLICAN_SAN_MARTIN,2025-11-19T08:51:22.520066,1095,1095,0,1
P06_CAUPOLICAN_OHIGGINS,2025-11-19T08:51:22.586666,1095,1095,0,1
P07_CAUPOLICAN_LAS_AGUILAS,2025-11-19T08:51:22.654140,1095,1095,0,1
P08_LEON_GALLO_CAUPOLICAN,2025-11-19T08:51:22.727262,1095,1095,0,1
P09_OHIGGINS_CAUPOLICAN,2025-11-19T08:51:22.792319,927,927,0,1
P10_CAUPOLICAN_LAUTARO,2025-11-19T08:51:22.871832,1085,1085,0,1
P11_SAN_MARTIN_CAUPOLICAN,2025-11-19T08:51:22.942210,1095,1095,0,1
P12_CLARO_SOLAR_CAUPOLICAN,2025-11-19T08:51:23.006018,595,595,0,1
P13_CAUPOLICAN_MIRAFLORES,2025-11-19T08:51:23.094185,1095,1095,0,1
P14_CAUPOLICAN_BILBAO,2025-11-19T08:51:23.173539,153,153,0,1
P15_CAUPOLICAN_RODRIGUEZ,2025-11-19T08:51:23.257649,1085,1085,0,1
P01_CAUPOLICAN_AV_BALMACEDA,2025-11-19T09:39:53.633066,1085,1085,0,1.0
P02_CAUPOLICAN_MANUEL_MONTT,2025-11-19T09:39:53.796055,1085,1085,0,1.0
P03_CAUPOLICAN_BLANCO_ENCALADA,2025-11-19T09:39:53.957431,1095,1095,0,1.0
P04_CAUPOLICAN_ANDRES_BELLO,2025-11-19T09:39:54.119191,1095,1095,0,1.0
P05_CAUPOLICAN_SAN_MARTIN,2025-11-19T09:39:54.283079,1095,1095,0,1.0
P06_CAUPOLICAN_OHIGGINS,2025-11-19T09:39:54.450215,1095,1095,0,1.0
P07_CAUPOLICAN_LAS_AGUILAS,2025-11-19T09:39:54.624738,1095,1095,0,1.0
P08_LEON_GALLO_CAUPOLICAN,2025-11-19T09:39:54.787296,1095,1095,0,1.0
P09_OHIGGINS_CAUPOLICAN,2025-11-19T09:39:54.957933,927,927,0,1.0
P10_CAUPOLICAN_LAUTARO,2025-11-19T09:39:55.117595,1085,1085,0,1.0
P11_SAN_MARTIN_CAUPOLICAN,2025-11-19T09:39:55.287666,1095,1095,0,1.0
P12_CLARO_SOLAR_CAUPOLICAN,2025-11-19T09:39:55.456748,595,595,0,1.0
P13_CAUPOLICAN_MIRAFLORES,2025-11-19T09:39:55.623829,1095,1095,0,1.0
P14_CAUPOLICAN_BILBAO,2025-11-19T09:39:55.796158,193,160,33,0.74477
P15_CAUPOLICAN_RODRIGUEZ,2025-11-19T09:39:55.960451,1085,1085,0,1.0
P01_CAUPOLICAN_AV_BALMACEDA,2025-11-19T09:50:43.174996,1085,1085,0,1
P02_CAUPOLICAN_MANUEL_MONTT,2025-11-19T09:50:43.281918,1085,1085,0,1
P03_CAUPOLICAN_BLANCO_ENCALADA,2025-11-19T09:50:43.388463,1095,1095,0,1
P04_CAUPOLICAN_ANDRES_BELLO,2025-11-19T09:50:43.507008,1095,1095,0,1
P05_CAUPOLICAN_SAN_MARTIN,2025-11-19T09:50:43.610593,1095,1095,0,1
P06_CAUPOLICAN_OHIGGINS,2025-11-19T09:50:43.730935,1095,1095,0,1
P07_CAUPOLICAN_LAS_AGUILAS,2025-11-19T09:50:43.835957,1095,1095,0,1
P08_LEON_GALLO_CAUPOLICAN,2025-11-19T09:50:43.932609,1095,1095,0,1
P09_OHIGGINS_CAUPOLICAN,2025-11-19T09:50:44.064129,927,927,0,1
P10_CAUPOLICAN_LAUTARO,2025-11-19T09:50:44.184419,1085,1085,0,1
P11_SAN_MARTIN_CAUPOLICAN,2025-11-19T09:50:44.311197,1095,1095,0,1
P12_CLARO_SOLAR_CAUPOLICAN,2025-11-19T09:50:44.410155,595,595,0,1
P13_CAUPOLICAN_MIRAFLORES,2025-11-19T09:50:44.518577,1095,1095,0,1
P14_CAUPOLICAN_BILBAO,2025-11-19T09:50:44.618015,153,153,0,1
P15_CAUPOLICAN_RODRIGUEZ,2025-11-19T09:50:44.728968,1085,1085,0,1
P01_CAUPOLICAN_AV_BALMACEDA,2025-11-19T10:44:05.500834,1306,1085,221,0.987015
P02_CAUPOLICAN_MANUEL_MONTT,2025-11-19T10:44:05.623374,1306,1085,221,0.987015
P03_CAUPOLICAN_BLANCO_ENCALADA,2025-11-19T10:44:05.727839,1249,1095,154,1.0
P04_CAUPOLICAN_ANDRES_BELLO,2025-11-19T10:44:05.829104,1249,1095,154,1.0
P05_CAUPOLICAN_SAN_MARTIN,2025-11-19T10:44:05.928298,1249,1095,154,1.0
P06_CAUPOLICAN_OHIGGINS,2025-11-19T10:44:06.031147,1249,1095,154,1.0
P07_CAUPOLICAN_LAS_AGUILAS,2025-11-19T10:44:06.137127,1249,1095,154,1.0
P08_LEON_GALLO_CAUPOLICAN,2025-11-19T10:44:06.245470,1249,1095,154,1.0
P09_OHIGGINS_CAUPOLICAN,2025-11-19T10:44:06.344088,1159,927,232,0.939333
P10_CAUPOLICAN_LAUTARO,2025-11-19T10:44:06.451631,1306,1085,221,0.987015
P11_SAN_MARTIN_CAUPOLICAN,2025-11-19T10:44:06.566963,1249,1095,154,1.0
P12_CLARO_SOLAR_CAUPOLICAN,2025-11-19T10:44:06.663079,953,595,358,0.990295
P13_CAUPOLICAN_MIRAFLORES,2025-11-19T10:44:06.766515,1249,1095,154,1.0
P14_CAUPOLICAN_BILBAO,2025-11-19T10:44:06.863325,216,153,63,0.97
P15_CAUPOLICAN_RODRIGUEZ,2025-11-19T10:44:06.964886,1306,1085,221,0.987015
P01_CAUPOLICAN_AV_BALMACEDA,2025-11-19T11:29:36.878844,1282,1069,213,0.988833
P02_CAUPOLICAN_MANUEL_MONTT,2025-11-19T11:29:36.947330,1282,1069,213,0.988833
P03_CAUPOLICAN_BLANCO_ENCALADA,2025-11-19T11:29:37.020092,1249,1095,154,1.0
P04_CAUPOLICAN_ANDRES_BELLO,2025-11-19T11:29:37.090107,1249,1095,154,1.0
P05_CAUPOLICAN_SAN_MARTIN,2025-11-19T11:29:37.162649,1249,1095,154,1.0
P06_CAUPOLICAN_OHIGGINS,2025-11-19T11:29:37.237729,1249,1095,154,1.0
P07_CAUPOLICAN_LAS_AGUILAS,2025-11-19T11:29:37.310706,1249,1095,154,1.0
P08_LEON_GALLO_CAUPOLICAN,2025-11-19T11:29:37.377652,1249,1095,154,1.0
P09_OHIGGINS_CAUPOLICAN,2025-11-19T11:29:37.440227,1264,897,367,0.9351
P10_CAUPOLICAN_LAUTARO,2025-11-19T11:29:37.513777,1282,1069,213,0.988833
P11_SAN_MARTIN_CAUPOLICAN,2025-11-19T11:29:37.588902,1249,1095,154,1.0
P12_CLARO_SOLAR_CAUPOLICAN,2025-11-19T11:29:37.650820,1099,595,504,0.993218
P13_CAUPOLICAN_MIRAFLORES,2025-11-19T11:29:37.717517,1249,1095,154,1.0
P14_CAUPOLICAN_BILBAO,2025-11-19T11:29:37.783851,193,153,40,0.971831
P15_CAUPOLICAN_RODRIGUEZ,2025-11-19T11:29:37.846545,1282,1069,213,0.988833
P01_CAUPOLICAN_AV_BALMACEDA,2025-11-19T11:44:11.209832,1282,1069,213,0.988054
P02_CAUPOLICAN_MANUEL_MONTT,2025-11-19T11:44:11.329914,1282,1069,213,0.988054
P03_CAUPOLICAN_BLANCO_ENCALADA,2025-11-19T11:44:11.448210,1271,1095,176,1.0
P04_CAUPOLICAN_ANDRES_BELLO,2025-11-19T11:44:11.564639,1271,1095,176,1.0
P05_CAUPOLICAN_SAN_MARTIN,2025-11-19T11:44:11.680954,1271,1095,176,1.0
P06_CAUPOLICAN_OHIGGINS,2025-11-19T11:44:11.802040,1271,1095,176,1.0
P07_CAUPOLICAN_LAS_AGUILAS,2025-11-19T11:44:11.918490,1271,1095,176,1.0
P08_LEON_GALLO_CAUPOLICAN,2025-11-19T11:44:12.035399,1271,1095,176,1.0
P09_OHIGGINS_CAUPOLICAN,2025-11-19T11:44:12.151205,1159,897,262,0.943351
P10_CAUPOLICAN_LAUTARO,2025-11-19T11:44:12.265553,1282,1069,213,0.988054
P11_SAN_MARTIN_CAUPOLICAN,2025-11-19T11:44:12.381872,1271,1095,176,1.0
P12_CLARO_SOLAR_CAUPOLICAN,2025-11-19T11:44:12.492408,1021,595,426,0.994611
P13_CAUPOLICAN_MIRAFLORES,2025-11-19T11:44:12.605712,1271,1095,176,1.0
P14_CAUPOLICAN_BILBAO,2025-11-19T11:44:12.724026,204,153,51,0.997277
P15_CAUPOLICAN_RODRIGUEZ,2025-11-19T11:44:12.840205,1282,1069,213,0.988054
P01_CAUPOLICAN_AV_BALMACEDA,2025-11-19T13:43:14.363161,1175,1069,106,0.989612
P02_CAUPOLICAN_MANUEL_MONTT,2025-11-19T13:43:14.511605,1175,1069,106,0.989612
P03_CAUPOLICAN_BLANCO_ENCALADA,2025-11-19T13:43:14.648334,1227,1095,132,1.0
P04_CAUPOLICAN_ANDRES_BELLO,2025-11-19T13:43:14.796967,1227,1095,132,1.0
P05_CAUPOLICAN_SAN_MARTIN,2025-11-19T13:43:14.927789,1227,1095,132,1.0
P06_CAUPOLICAN_OHIGGINS,2025-11-19T13:43:15.079921,1227,1095,132,1.0
P07_CAUPOLICAN_LAS_AGUILAS,2025-11-19T13:43:15.207314,1227,1095,132,1.0
P08_LEON_GALLO_CAUPOLICAN,2025-11-19T13:43:15.331993,1227,1095,132,1.0
P09_OHIGGINS_CAUPOLICAN,2025-11-19T13:43:15.451995,927,927,0,1.0
P10_CAUPOLICAN_LAUTARO,2025-11-19T13:43:15.572981,1175,1069,106,0.989612
P11_SAN_MARTIN_CAUPOLICAN,2025-11-19T13:43:15.697219,1227,1095,132,1.0
P12_CLARO_SOLAR_CAUPOLICAN,2025-11-19T13:43:15.835026,841,621,220,0.996264
P13_CAUPOLICAN_MIRAFLORES,2025-11-19T13:43:15.969330,1227,1095,132,1.0
P14_CAUPOLICAN_BILBAO,2025-11-19T13:43:16.090525,153,153,0,1.0
P15_CAUPOLICAN_RODRIGUEZ,2025-11-19T13:43:16.240936,1175,1069,106,0.989612
P01_CAUPOLICAN_AV_BALMACEDA,2025-11-19T14:42:47.814495,1195,1069,126,0.99117
P02_CAUPOLICAN_MANUEL_MONTT,2025-11-19T14:42:47.888460,1195,1069,126,0.99117
P03_CAUPOLICAN_BLANCO_ENCALADA,2025-11-19T14:42:47.966294,1207,1095,112,1.0
P04_CAUPOLICAN_ANDRES_BELLO,2025-11-19T14:42:48.044245,1207,1095,112,1.0
P05_CAUPOLICAN_SAN_MARTIN,2025-11-19T14:42:48.111393,1207,1095,112,1.0
P06_CAUPOLICAN_OHIGGINS,2025-11-19T14:42:48.180655,1207,1095,112,1.0
P07_CAUPOLICAN_LAS_AGUILAS,2025-11-19T14:42:48.250249,1207,1095,112,1.0
P08_LEON_GALLO_CAUPOLICAN,2025-11-19T14:42:48.324829,1207,1095,112,1.0
P09_OHIGGINS_CAUPOLICAN,2025-11-19T14:42:48.388799,927,927,0,1.0
P10_CAUPOLICAN_LAUTARO,2025-11-19T14:42:48.461866,1195,1069,126,0.99117
P11_SAN_MARTIN_CAUPOLICAN,2025-11-19T14:42:48.527742,1207,1095,112,1.0
P12_CLARO_SOLAR_CAUPOLICAN,2025-11-19T14:42:48.592314,893,595,298,0.995187
P13_CAUPOLICAN_MIRAFLORES,2025-11-19T14:42:48.659565,1207,1095,112,1.0
P14_CAUPOLICAN_BILBAO,2025-11-19T14:42:48.726642,153,153,0,1.0
P15_CAUPOLICAN_RODRIGUEZ,2025-11-19T14:42:48.796320,1195,1069,126,0.99117
P01_CAUPOLICAN_AV_BALMACEDA,2025-11-19T15:35:19.560642,1237,1069,168,0.997143
P02_CAUPOLICAN_MANUEL_MONTT,2025-11-19T15:35:19.641110,1237,1069,168,0.997143
P03_CAUPOLICAN_BLANCO_ENCALADA,2025-11-19T15:35:19.709460,1249,1095,154,1.0
P04_CAUPOLICAN_ANDRES_BELLO,2025-11-19T15:35:19.782443,1249,1095,154,1.0
P05_CAUPOLICAN_SAN_MARTIN,2025-11-19T15:35:19.859754,1249,1095,154,1.0
P06_CAUPOLICAN_OHIGGINS,2025-11-19T15:35:19.925766,1249,1095,154,1.0
P07_CAUPOLICAN_LAS_AGUILAS,2025-11-19T15:35:19.998791,1249,1095,154,1.0
P08_LEON_GALLO_CAUPOLICAN,2025-11-19T15:35:20.082099,1249,1095,154,1.0
P09_OHIGGINS_CAUPOLICAN,2025-11-19T15:35:20.158084,927,927,0,1.0
P10_CAUPOLICAN_LAUTARO,2025-11-19T15:35:20.224823,1237,1069,168,0.997143
P11_SAN_MARTIN_CAUPOLICAN,2025-11-19T15:35:20.333984,1249,1095,154,1.0
P12_CLARO_SOLAR_CAUPOLICAN,2025-11-19T15:35:20.403171,841,621,220,0.991254
P13_CAUPOLICAN_MIRAFLORES,2025-11-19T15:35:20.475647,1249,1095,154,1.0
P14_CAUPOLICAN_BILBAO,2025-11-19T15:35:20.542221,153,153,0,1.0
P15_CAUPOLICAN_RODRIGUEZ,2025-11-19T15:35:20.610309,1237,1069,168,0.997143
P01_CAUPOLICAN_AV_BALMACEDA,2025-11-19T15:46:42.745362,1216,1085,131,0.994546
P02_CAUPOLICAN_MANUEL_MONTT,2025-11-19T15:46:42.830728,1216,1085,131,0.994546
P03_CAUPOLICAN_BLANCO_ENCALADA,2025-11-19T15:46:42.889804,1207,1095,112,1.0
P04_CAUPOLICAN_ANDRES_BELLO,2025-11-19T15:46:42.957541,1207,1095,112,1.0
P05_CAUPOLICAN_SAN_MARTIN,2025-11-19T15:46:43.024377,1207,1095,112,1.0
P06_CAUPOLICAN_OHIGGINS,2025-11-19T15:46:43.092148,1207,1095,112,1.0
P07_CAUPOLICAN_LAS_AGUILAS,2025-11-19T15:46:43.152466,1207,1095,112,1.0
P08_LEON_GALLO_CAUPOLICAN,2025-11-19T15:46:43.210633,1207,1095,112,1.0
P09_OHIGGINS_CAUPOLICAN,2025-11-19T15:46:43.275693,1070,897,173,0.939295
P10_CAUPOLICAN_LAUTARO,2025-11-19T15:46:43.332146,1216,1085,131,0.994546
P11_SAN_MARTIN_CAUPOLICAN,2025-11-19T15:46:43.386535,1207,1095,112,1.0
P12_CLARO_SOLAR_CAUPOLICAN,2025-11-19T15:46:43.436511,893,595,298,0.989016
P13_CAUPOLICAN_MIRAFLORES,2025-11-19T15:46:43.492033,1207,1095,112,1.0
P14_CAUPOLICAN_BILBAO,2025-11-19T15:46:43.566288,184,153,31,0.98632
P15_CAUPOLICAN_RODRIGUEZ,2025-11-19T15:46:43.626853,1216,1085,131,0.994546
P01_CAUPOLICAN_AV_BALMACEDA,2025-11-19T16:52:48.705966,1195,1085,110,0.991689
P02_CAUPOLICAN_MANUEL_MONTT,2025-11-19T16:52:48.814863,1195,1085,110,0.991689
P03_CAUPOLICAN_BLANCO_ENCALADA,2025-11-19T16:52:48.916602,1207,1095,112,1.0
P04_CAUPOLICAN_ANDRES_BELLO,2025-11-19T16:52:49.053802,1207,1095,112,1.0
P05_CAUPOLICAN_SAN_MARTIN,2025-11-19T16:52:49.173394,1207,1095,112,1.0
P06_CAUPOLICAN_OHIGGINS,2025-11-19T16:52:49.289045,1207,1095,112,1.0
P07_CAUPOLICAN_LAS_AGUILAS,2025-11-19T16:52:49.388335,1207,1095,112,1.0
P08_LEON_GALLO_CAUPOLICAN,2025-11-19T16:52:49.492264,1207,1095,112,1.0
P09_OHIGGINS_CAUPOLICAN,2025-11-19T16:52:49.629700,927,927,0,1.0
P10_CAUPOLICAN_LAUTARO,2025-11-19T16:52:49.739745,1195,1085,110,0.991689
P11_SAN_MARTIN_CAUPOLICAN,2025-11-19T16:52:49.840971,1207,1095,112,1.0
P12_CLARO_SOLAR_CAUPOLICAN,2025-11-19T16:52:49.939160,841,595,246,0.996279
P13_CAUPOLICAN_MIRAFLORES,2025-11-19T16:52:50.052400,1207,1095,112,1.0
P14_CAUPOLICAN_BILBAO,2025-11-19T16:52:50.154636,153,153,0,1.0
P15_CAUPOLICAN_RODRIGUEZ,2025-11-19T16:52:50.256314,1195,1085,110,0.991689
P01_CAUPOLICAN_AV_BALMACEDA,2025-11-19T17:31:46.473049,1195,1085,110,0.995066
P02_CAUPOLICAN_MANUEL_MONTT,2025-11-19T17:31:46.590541,1195,1085,110,0.995066
P03_CAUPOLICAN_BLANCO_ENCALADA,2025-11-19T17:31:46.716482,1186,1095,91,1.0
P04_CAUPOLICAN_ANDRES_BELLO,2025-11-19T17:31:46.836795,1186,1095,91,1.0
P05_CAUPOLICAN_SAN_MARTIN,2025-11-19T17:31:46.956966,1186,1095,91,1.0
P06_CAUPOLICAN_OHIGGINS,2025-11-19T17:31:47.074185,1186,1095,91,1.0
P07_CAUPOLICAN_LAS_AGUILAS,2025-11-19T17:31:47.193533,1186,1095,91,1.0
P08_LEON_GALLO_CAUPOLICAN,2025-11-19T17:31:47.307970,1186,1095,91,1.0
P09_OHIGGINS_CAUPOLICAN,2025-11-19T17:31:47.420691,927,927,0,1.0
P10_CAUPOLICAN_LAUTARO,2025-11-19T17:31:47.537797,1175,1085,90,0.995066
P11_SAN_MARTIN_CAUPOLICAN,2025-11-19T17:31:47.656252,1186,1095,91,1.0
P12_CLARO_SOLAR_CAUPOLICAN,2025-11-19T17:31:47.780851,953,621,332,0.984404
P13_CAUPOLICAN_MIRAFLORES,2025-11-19T17:31:47.916507,1186,1095,91,1.0
P14_CAUPOLICAN_BILBAO,2025-11-19T17:31:48.029509,153,153,0,1.0
P15_CAUPOLICAN_RODRIGUEZ,2025-11-19T17:31:48.153122,1175,1085,90,0.995066
P01_CAUPOLICAN_AV_BALMACEDA,2025-11-19T17:44:39.923982,1216,1085,131,0.995066
P02_CAUPOLICAN_MANUEL_MONTT,2025-11-19T17:44:39.990514,1216,1085,131,0.995066
P03_CAUPOLICAN_BLANCO_ENCALADA,2025-11-19T17:44:40.048563,1227,1095,132,1.0
P04_CAUPOLICAN_ANDRES_BELLO,2025-11-19T17:44:40.113444,1227,1095,132,1.0
P05_CAUPOLICAN_SAN_MARTIN,2025-11-19T17:44:40.175515,1227,1095,132,1.0
P06_CAUPOLICAN_OHIGGINS,2025-11-19T17:44:40.231962,1227,1095,132,1.0
P07_CAUPOLICAN_LAS_AGUILAS,2025-11-19T17:44:40.297727,1227,1095,132,1.0
P08_LEON_GALLO_CAUPOLICAN,2025-11-19T17:44:40.351825,1227,1095,132,1.0
P09_OHIGGINS_CAUPOLICAN,2025-11-19T17:44:40.406091,927,927,0,1.0
P10_CAUPOLICAN_LAUTARO,2025-11-19T17:44:40.485020,1216,1085,131,0.995066
P11_SAN_MARTIN_CAUPOLICAN,2025-11-19T17:44:40.544181,1227,1095,132,1.0
P12_CLARO_SOLAR_CAUPOLICAN,2025-11-19T17:44:40.594686,953,595,358,0.984628
P13_CAUPOLICAN_MIRAFLORES,2025-11-19T17:44:40.650709,1227,1095,132,1.0
P14_CAUPOLICAN_BILBAO,2025-11-19T17:44:40.704239,204,153,51,0.987443
P15_CAUPOLICAN_RODRIGUEZ,2025-11-19T17:44:40.758262,1216,1085,131,0.995066
P01_CAUPOLICAN_AV_BALMACEDA,2025-11-19T18:49:28.640533,1237,1085,152,0.996884
P02_CAUPOLICAN_MANUEL_MONTT,2025-11-19T18:49:28.717284,1237,1085,152,0.996884
P03_CAUPOLICAN_BLANCO_ENCALADA,2025-11-19T18:49:28.798289,1227,1095,132,1.0
P04_CAUPOLICAN_ANDRES_BELLO,2025-11-19T18:49:28.875628,1227,1095,132,1.0
P05_CAUPOLICAN_SAN_MARTIN,2025-11-19T18:49:28.958127,1227,1095,132,1.0
P06_CAUPOLICAN_OHIGGINS,2025-11-19T18:49:29.031191,1227,1095,132,1.0
P07_CAUPOLICAN_LAS_AGUILAS,2025-11-19T18:49:29.118264,1227,1095,132,1.0
P08_LEON_GALLO_CAUPOLICAN,2025-11-19T18:49:29.190592,1227,1095,132,1.0
P09_OHIGGINS_CAUPOLICAN,2025-11-19T18:49:29.255665,1070,897,173,0.951105
P10_CAUPOLICAN_LAUTARO,2025-11-19T18:49:29.329982,1237,1085,152,0.996884
P11_SAN_MARTIN_CAUPOLICAN,2025-11-19T18:49:29.409097,1227,1095,132,1.0
P12_CLARO_SOLAR_CAUPOLICAN,2025-11-19T18:49:29.486964,893,595,298,0.989679
P13_CAUPOLICAN_MIRAFLORES,2025-11-19T18:49:29.558913,1227,1095,132,1.0
P14_CAUPOLICAN_BILBAO,2025-11-19T18:49:29.632491,184,160,24,0.987277
P15_CAUPOLICAN_RODRIGUEZ,2025-11-19T18:49:29.708984,1237,1085,152,0.996884
P01_CAUPOLICAN_AV_BALMACEDA,2025-11-19T19:27:08.864832,1216,1085,131,0.996884
P02_CAUPOLICAN_MANUEL_MONTT,2025-11-19T19:27:09.089820,1216,1085,131,0.996884
P03_CAUPOLICAN_BLANCO_ENCALADA,2025-11-19T19:27:09.290207,1249,1095,154,1.0
P04_CAUPOLICAN_ANDRES_BELLO,2025-11-19T19:27:09.480024,1249,1095,154,1.0
P05_CAUPOLICAN_SAN_MARTIN,2025-11-19T19:27:09.640205,1249,1095,154,1.0
P06_CAUPOLICAN_OHIGGINS,2025-11-19T19:27:09.800005,1249,1095,154,1.0
P07_CAUPOLICAN_LAS_AGUILAS,2025-11-19T19:27:09.955832,1249,1095,154,1.0
P08_LEON_GALLO_CAUPOLICAN,2025-11-19T19:27:10.193786,1249,1095,154,1.0
P09_OHIGGINS_CAUPOLICAN,2025-11-19T19:27:10.358915,1159,897,262,0.943414
P10_CAUPOLICAN_LAUTARO,2025-11-19T19:27:10.592094,1216,1085,131,0.996884
P11_SAN_MARTIN_CAUPOLICAN,2025-11-19T19:27:10.796753,1249,1095,154,1.0
P12_CLARO_SOLAR_CAUPOLICAN,2025-11-19T19:27:10.955626,841,595,246,0.99177
P13_CAUPOLICAN_MIRAFLORES,2025-11-19T19:27:11.117831,1249,1095,154,1.0
P14_CAUPOLICAN_BILBAO,2025-11-19T19:27:11.347084,204,153,51,0.957919
P15_CAUPOLICAN_RODRIGUEZ,2025-11-19T19:27:11.591673,1216,1085,131,0.996884
P01_CAUPOLICAN_AV_BALMACEDA,2025-11-19T19:43:12.701429,1259,1085,174,0.998182
P02_CAUPOLICAN_MANUEL_MONTT,2025-11-19T19:43:12.773260,1259,1085,174,0.998182
P03_CAUPOLICAN_BLANCO_ENCALADA,2025-11-19T19:43:12.843306,1207,1095,112,1.0
P04_CAUPOLICAN_ANDRES_BELLO,2025-11-19T19:43:12.914116,1207,1095,112,1.0
P05_CAUPOLICAN_SAN_MARTIN,2025-11-19T19:43:12.982245,1207,1095,112,1.0
P06_CAUPOLICAN_OHIGGINS,2025-11-19T19:43:13.057224,1207,1095,112,1.0
P07_CAUPOLICAN_LAS_AGUILAS,2025-11-19T19:43:13.135575,1207,1095,112,1.0
P08_LEON_GALLO_CAUPOLICAN,2025-11-19T19:43:13.206429,1207,1095,112,1.0
P09_OHIGGINS_CAUPOLICAN,2025-11-19T19:43:13.276245,927,927,0,1.0
P10_CAUPOLICAN_LAUTARO,2025-11-19T19:43:13.341689,1259,1085,174,0.998182
P11_SAN_MARTIN_CAUPOLICAN,2025-11-19T19:43:13.406983,1207,1095,112,1.0
P12_CLARO_SOLAR_CAUPOLICAN,2025-11-19T19:43:13.479112,953,595,358,0.988846
P13_CAUPOLICAN_MIRAFLORES,2025-11-19T19:43:13.546112,1207,1095,112,1.0
P14_CAUPOLICAN_BILBAO,2025-11-19T19:43:13.633414,193,153,40,0.971831
P15_CAUPOLICAN_RODRIGUEZ,2025-11-19T19:43:13.714281,1259,1085,174,0.998182
P01_CAUPOLICAN_AV_BALMACEDA,2025-11-19T20:33:20.168836,1282,1069,213,0.99456
P02_CAUPOLICAN_MANUEL_MONTT,2025-11-19T20:33:20.357501,1282,1069,213,0.99456
P03_CAUPOLICAN_BLANCO_ENCALADA,2025-11-19T20:33:20.526175,1249,1095,154,0.999679
P04_CAUPOLICAN_ANDRES_BELLO,2025-11-19T20:33:20.688266,1249,1095,154,0.999679
P05_CAUPOLICAN_SAN_MARTIN,2025-11-19T20:33:20.849960,1249,1095,154,0.999679
P06_CAUPOLICAN_OHIGGINS,2025-11-19T20:33:21.030983,1249,1095,154,0.999679
P07_CAUPOLICAN_LAS_AGUILAS,2025-11-19T20:33:21.197637,1249,1095,154,0.999679
P08_LEON_GALLO_CAUPOLICAN,2025-11-19T20:33:21.372795,1249,1095,154,0.999679
P09_OHIGGINS_CAUPOLICAN,2025-11-19T20:33:21.535197,1209,927,282,0.93406
P10_CAUPOLICAN_LAUTARO,2025-11-19T20:33:21.700004,1282,1069,213,0.99456
P11_SAN_MARTIN_CAUPOLICAN,2025-11-19T20:33:21.858599,1249,1095,154,0.999679
P12_CLARO_SOLAR_CAUPOLICAN,2025-11-19T20:33:22.024323,953,595,358,0.97458
P13_CAUPOLICAN_MIRAFLORES,2025-11-19T20:33:22.185281,1249,1095,154,0.999679
P14_CAUPOLICAN_BILBAO,2025-11-19T20:33:22.344605,230,167,63,0.96
P15_CAUPOLICAN_RODRIGUEZ,2025-11-19T20:33:22.500837,1282,1069,213,0.99456
P01_CAUPOLICAN_AV_BALMACEDA,2025-11-19T20:45:26.203335,1259,1085,174,0.988994
P02_CAUPOLICAN_MANUEL_MONTT,2025-11-19T20:45:26.280400,1259,1085,174,0.988994
P03_CAUPOLICAN_BLANCO_ENCALADA,2025-11-19T20:45:26.342684,1271,1095,176,0.999364
P04_CAUPOLICAN_ANDRES_BELLO,2025-11-19T20:45:26.401784,1271,1095,176,0.999364
P05_CAUPOLICAN_SAN_MARTIN,2025-11-19T20:45:26.467893,1271,1095,176,0.999364
P06_CAUPOLICAN_OHIGGINS,2025-11-19T20:45:26.525420,1271,1095,176,0.999364
P07_CAUPOLICAN_LAS_AGUILAS,2025-11-19T20:45:26.590851,1271,1095,176,0.999364
P08_LEON_GALLO_CAUPOLICAN,2025-11-19T20:45:26.642689,1271,1095,176,0.999364
P09_OHIGGINS_CAUPOLICAN,2025-11-19T20:45:26.692823,1209,927,282,0.914653
P10_CAUPOLICAN_LAUTARO,2025-11-19T20:45:26.748637,1259,1085,174,0.988994
P11_SAN_MARTIN_CAUPOLICAN,2025-11-19T20:45:26.802415,1271,1095,176,0.999364
P12_CLARO_SOLAR_CAUPOLICAN,2025-11-19T20:45:26.859432,953,595,358,0.964485
P13_CAUPOLICAN_MIRAFLORES,2025-11-19T20:45:26.918738,1271,1095,176,0.999364
P14_CAUPOLICAN_BILBAO,2025-11-19T20:45:26.969465,216,160,56,0.952557
P15_CAUPOLICAN_RODRIGUEZ,2025-11-19T20:45:27.034896,1259,1085,174,0.988994
P01_CAUPOLICAN_AV_BALMACEDA,2025-11-19T21:26:07.154746,1306,1085,221,0.989712
P02_CAUPOLICAN_MANUEL_MONTT,2025-11-19T21:26:07.239961,1306,1085,221,0.989712
P03_CAUPOLICAN_BLANCO_ENCALADA,2025-11-19T21:26:07.308384,1294,1095,199,0.997421
P04_CAUPOLICAN_ANDRES_BELLO,2025-11-19T21:26:07.380312,1294,1095,199,0.997421
P05_CAUPOLICAN_SAN_MARTIN,2025-11-19T21:26:07.447572,1294,1095,199,0.997421
P06_CAUPOLICAN_OHIGGINS,2025-11-19T21:26:07.516716,1294,1095,199,0.997421
P07_CAUPOLICAN_LAS_AGUILAS,2025-11-19T21:26:07.586037,1294,1095,199,0.997421
P08_LEON_GALLO_CAUPOLICAN,2025-11-19T21:26:07.651698,1294,1095,199,0.997421
P09_OHIGGINS_CAUPOLICAN,2025-11-19T21:26:07.713023,1264,897,367,0.954749
P10_CAUPOLICAN_LAUTARO,2025-11-19T21:26:07.792151,1306,1085,221,0.989712
P11_SAN_MARTIN_CAUPOLICAN,2025-11-19T21:26:07.873381,1294,1095,199,0.997421
P12_CLARO_SOLAR_CAUPOLICAN,2025-11-19T21:26:07.941106,1021,621,400,0.962491
P13_CAUPOLICAN_MIRAFLORES,2025-11-19T21:26:08.011703,1294,1095,199,0.997421
P14_CAUPOLICAN_BILBAO,2025-11-19T21:26:08.079947,153,153,0,1.0
P15_CAUPOLICAN_RODRIGUEZ,2025-11-19T21:26:08.148605,1306,1085,221,0.989712
P01_CAUPOLICAN_AV_BALMACEDA,2025-11-19T21:42:19.638474,1282,1085,197,0.989352
P02_CAUPOLICAN_MANUEL_MONTT,2025-11-19T21:42:19.720168,1282,1085,197,0.989352
P03_CAUPOLICAN_BLANCO_ENCALADA,2025-11-19T21:42:19.805669,1271,1095,176,0.998815
P04_CAUPOLICAN_ANDRES_BELLO,2025-11-19T21:42:19.876549,1271,1095,176,0.998815
P05_CAUPOLICAN_SAN_MARTIN,2025-11-19T21:42:19.944196,1271,1095,176,0.998815
P06_CAUPOLICAN_OHIGGINS,2025-11-19T21:42:20.014740,1271,1095,176,0.998815
P07_CAUPOLICAN_LAS_AGUILAS,2025-11-19T21:42:20.089230,1271,1095,176,0.998815
P08_LEON_GALLO_CAUPOLICAN,2025-11-19T21:42:20.179066,1271,1095,176,0.998815
P09_OHIGGINS_CAUPOLICAN,2025-11-19T21:42:20.247655,1264,897,367,0.92684
P10_CAUPOLICAN_LAUTARO,2025-11-19T21:42:20.331347,1282,1085,197,0.989352
P11_SAN_MARTIN_CAUPOLICAN,2025-11-19T21:42:20.403569,1271,1095,176,0.998815
P12_CLARO_SOLAR_CAUPOLICAN,2025-11-19T21:42:20.468043,953,595,358,0.969171
P13_CAUPOLICAN_MIRAFLORES,2025-11-19T21:42:20.532725,1271,1095,176,0.998815
P14_CAUPOLICAN_BILBAO,2025-11-19T21:42:20.596166,193,153,40,0.973226
P15_CAUPOLICAN_RODRIGUEZ,2025-11-19T21:42:20.677005,1282,1085,197,0.989352
P01_CAUPOLICAN_AV_BALMACEDA,2025-11-19T22:37:31.164796,1216,1085,131,0.996884
P02_CAUPOLICAN_MANUEL_MONTT,2025-11-19T22:37:31.327575,1216,1085,131,0.996884
P03_CAUPOLICAN_BLANCO_ENCALADA,2025-11-19T22:37:31.506933,1227,1095,132,1.0
P04_CAUPOLICAN_ANDRES_BELLO,2025-11-19T22:37:31.678493,1227,1095,132,1.0
P05_CAUPOLICAN_SAN_MARTIN,2025-11-19T22:37:31.841412,1227,1095,132,1.0
P06_CAUPOLICAN_OHIGGINS,2025-11-19T22:37:32.025918,1227,1095,132,1.0
P07_CAUPOLICAN_LAS_AGUILAS,2025-11-19T22:37:32.202361,1227,1095,132,1.0
P08_LEON_GALLO_CAUPOLICAN,2025-11-19T22:37:32.374079,1227,1095,132,1.0
P09_OHIGGINS_CAUPOLICAN,2025-11-19T22:37:32.541184,1209,927,282,0.984958
P10_CAUPOLICAN_LAUTARO,2025-11-19T22:37:32.714324,1216,1085,131,0.996884
P11_SAN_MARTIN_CAUPOLICAN,2025-11-19T22:37:32.879115,1227,1095,132,1.0
P12_CLARO_SOLAR_CAUPOLICAN,2025-11-19T22:37:33.042145,893,621,272,0.989328
P13_CAUPOLICAN_MIRAFLORES,2025-11-19T22:37:33.208003,1227,1095,132,1.0
P14_CAUPOLICAN_BILBAO,2025-11-19T22:37:33.377198,153,153,0,1.0
P15_CAUPOLICAN_RODRIGUEZ,2025-11-19T22:37:33.553839,1216,1085,131,0.996884
P01_CAUPOLICAN_AV_BALMACEDA,2025-11-19T22:47:13.826979,1085,1085,0,1.0
P02_CAUPOLICAN_MANUEL_MONTT,2025-11-19T22:47:13.897496,1085,1085,0,1.0
P03_CAUPOLICAN_BLANCO_ENCALADA,2025-11-19T22:47:13.967921,1186,1095,91,1.0
P04_CAUPOLICAN_ANDRES_BELLO,2025-11-19T22:47:14.038763,1186,1095,91,1.0
P05_CAUPOLICAN_SAN_MARTIN,2025-11-19T22:47:14.109757,1186,1095,91,1.0
P06_CAUPOLICAN_OHIGGINS,2025-11-19T22:47:14.174542,1186,1095,91,1.0
P07_CAUPOLICAN_LAS_AGUILAS,2025-11-19T22:47:14.244468,1186,1095,91,1.0
P08_LEON_GALLO_CAUPOLICAN,2025-11-19T22:47:14.327808,1186,1095,91,1.0
P09_OHIGGINS_CAUPOLICAN,2025-11-19T22:47:14.389179,1113,927,186,0.987092
P10_CAUPOLICAN_LAUTARO,2025-11-19T22:47:14.465499,1085,1085,0,1.0
P11_SAN_MARTIN_CAUPOLICAN,2025-11-19T22:47:14.532580,1186,1095,91,1.0
P12_CLARO_SOLAR_CAUPOLICAN,2025-11-19T22:47:14.600688,841,595,246,0.989777
P13_CAUPOLICAN_MIRAFLORES,2025-11-19T22:47:14.676081,1186,1095,91,1.0
P14_CAUPOLICAN_BILBAO,2025-11-19T22:47:14.756161,153,153,0,1.0
P15_CAUPOLICAN_RODRIGUEZ,2025-11-19T22:47:14.821092,1085,1085,0,1.0
